S.NO,DATE,BANK,FROM,BRANCH,DISTANCE,,,
1,24-10-17,KOTAK,OFFICE,KOTHAPET,18KM,,,
2,24-10-17,KOTAK,OFFICE,CHAITHNYAPURI,17KM,,,
3,24-10-17,KOTAK,OFFICE,DILSUKNAGAR,16KM,,,
4,25-10-17,KOTAK,OFFICE,VANASTHALIPURAM,23KM,,,
5,26-10-17,KOTAK,OFFICE,MALAKPET,13KM,,,
6,26-10-17,KOTAK,OFFICE,MALAKPET RACECOUT,14KM,,,
7,26-10-17,KOTAK,OFFICE,CHIKKADAPALLY,10KM,,,
8,26-10-17,KOTAK,OFFICE,GHANDINAGAR,7.6KM,,,
9,27-10-17,KOTAK,OFFICE,KHAIRTABAD,5.4KM,,,
10,27-10-17,KOTAK,OFFICE,BOWNEPALLY,8KM,,,
11,27-10-17,KOTAK,OFFICE,TRIMULGHERRY,8.5KM,,,
12,30-10-17,KOTAK,OFFICE,HIMAYATH NAGAR ,8.5KM,,,
13,10-11-17,HDFC,OFFICE,HAYATH NAGAR,25KM,,,
14,10-11-17,HDFC,OFFICE,LB NAGAR,20KM,,,
15,10-11-17,HDFC,OFFICE,KOTHAPET,18KM,,,
16,10-11-17,HDFC,OFFICE,MALAKPET,13KM,,,
17,10-11-17,HDFC,OFFICE,VANASTHALIPURAM,23KM,,,
18,13-11-17,HDFC,OFFICE,SR NAGAR,4KM,,,
19,13-11-17,HDFC,OFFICE,SRI NAGAR,6KM,,,
20,13-11-17,HDFC,OFFICE,MOTI NAGAR,7.5KM,,,
21,13-11-17,HDFC,OFFICE,BEGUMPET,0.4KM,,,
22,13-11-17,HDFC,OFFICE,YOUSAFFGUDA,7KM,,,
23,14-11-17,HDFC,OFFICE,ALWAL,12KM,,,
24,14-11-17,HDFC,OFFICE,VIKRAMPURI,6KM,,,
25,15-11-17,HDFC,OFFICE,DAIMOND POINT,7KM,,,
26,15-11-17,HDFC,OFFICE,EAST MAREDPALLY,8KM,,,
27,15-11-17,HDFC,OFFICE,BOWENPALLY,8KM,,,
28,15-11-17,HDFC,OFFICE,SP ROAD,5.4KM,,,
29,15-11-17,JM FINANCIAL,OFFICE,SP ROAD,5.4KM,,,
30,16-11-17,HDFC,OFFICE,KHAIRTABAD,5.4KM,,,
31,16-11-17,HDFC,OFFICE,LAKDIKAPOOL,7KM,,,
32,16-11-17,HDFC,OFFICE,HYDERGUDA,9KM,,,
33,16-11-17,HDFC,OFFICE,KOTI,10KM,,,
34,16-11-17,HDFC,OFFICE,ABIDS,8KM,,,
35,18-11-17,HDFC,OFFICE,MALKKAJGIRI,10.7KM,,,
36,18-11-17,HDFC,OFFICE,DEFNC CLNY SAINIKPURI,12KM,,,
37,20-11-17,HDFC,OFFICE,HAYATH NAGAR,25KM,,,
38,20-11-17,HDFC,OFFICE,VANASTHALIPURAM,23KM,,,
39,20-11-17,HDFC,OFFICE,KOTHAPET,18KM,,,
40,21-11-17,HDFC,OFFICE,SR NAGAR,4KM,,,
41,21-11-17,HDFC,OFFICE,YOUSAFFGUDA,7KM,,,
42,21-11-17,HDFC,OFFICE,MOTI NAGAR,7.5KM,,,
43,21-11-17,HDFC,OFFICE,SRI NAGAR,6KM,,,
44,21-11-17,HDFC,OFFICE,BEGUMPET,0.4KM,,,
45,21-11-17,HDFC,OFFICE,SOMAJI GUDA,4KM,,,
46,22-11-17,HDFC,OFFICE,MALAKPET,13KM,,,
47,22-11-17,HDFC,OFFICE,DILSUKNAGAR,16KM,,,
48,22-11-17,HDFC,OFFICE,SANTOSH NAGAR,16.5KM,,,
49,22-11-17,HDFC,OFFICE,CHAMPAPET,17KM,,,
50,23-11-17,HDFC,OFFICE,VIKRAMPURI,6KM,,,
51,23-11-17,HDFC,OFFICE,ALWAL,12KM,,,
52,23-11-17,HDFC,OFFICE,PET BASHEERBAD,15KM,,,
53,23-11-17,HDFC,OFFICE,KOMPALLY ,18KM,,,
54,24-11-17,HDFC,OFFICE,DIAMOND POINT,7KM,,,
55,24-11-17,HDFC,OFFICE,WEST MARREDPALLY,6KM,,,
56,24-11-17,HDFC,OFFICE,EAST MAREDPALLY,8KM,,,
57,24-11-17,HDFC,OFFICE,BOWENPALLY,8KM,,,
58,24-11-17,HDFC,OFFICE,SP ROAD,5.4KM,,,
59,27-11-17,HDFC,OFFICE,KOTI,10KM,,,
60,27-11-17,HDFC,OFFICE,ABIDS,8KM,,,
61,27-11-17,HDFC,OFFICE,KHAIRTABAD,5.4KM,,,
62,27-11-17,HDFC,OFFICE,HYDERGUDA,9KM,,,
63,27-11-17,HDFC,OFFICE,LAKDIKAPOOL,7KM,,,
64,28-11-17,HDFC,OFFICE,HAYATH NAGAR,25KM,,,
65,28-11-17,HDFC,OFFICE,VANASTHALIPURAM,23KM,,,
66,28-11-17,HDFC,OFFICE,MALAKPET,13KM,,,
67,28-11-17,HDFC,OFFICE,DILSUKNAGAR,16KM,,,
68,30-11-17,HDFC,OFFICE,LB NAGAR,20KM,,,
69,30-11-17,HDFC,OFFICE,KOTHAPET,18KM,,,
